--liquibase formatted sql

--changeset tpe:1
insert into category_entity (id,name) values(1,"Bonnet");
insert into category_entity (id,name) values(2,"Gant");
insert into category_entity (id,name) values(3,"Echarpe");

insert into product_entity (id,name,price,quantity,category_id,url) values (1,'Bonnet rouge',25.5,8,1,'bonnet_rouge_1.jpg');
insert into product_entity (id,name,price,quantity,category_id,url) values (2,'Bonnet orange',36.6,9,1,'bonnet_orange_1.jpg');
insert into product_entity (id,name,price,quantity,category_id,url) values (3,'Bonnet mauve',36.6,9,1,'bonnet_mauve_1.jpg');
insert into product_entity (id,name,price,quantity,category_id,url) values (4,'Gant noir',14.5,10,2,'gant_noir_1.png');
insert into product_entity (id,name,price,quantity,category_id,url) values (5,'Echarpe rouge',78.5,12,3, 'echarpe_rouge_1.png');

insert into address_entity (id,street,city,number,country) values (1,'Avenue Ponty','Mons','15','Belgique');
insert into address_entity (id,street,city,number,country) values (2,'Rue Boucher','Bruxelles','8','Belgique');
insert into address_entity (id,street,city,number,country) values (3,'Rue Merlot','Nice','2','France');
insert into address_entity (id,street,city,number,country) values (4,'Rue Poincon','Paris','26','France');
insert into address_entity (id,street,city,number,country) values (5,'Rue Seige-gang','Zimbaboue','6','Croatie');

insert into supplier_entity (id,address_id,product_id,registration_number) values(1,3,1,'0123456789');
insert into supplier_entity (id,address_id,product_id,registration_number) values(2,4,2,'123456');
insert into supplier_entity (id,address_id,product_id,registration_number) values(3,5,3,'123457');
insert into supplier_entity (id,address_id,product_id,registration_number) values(4,5,4,'123457');

--changeset tpe:2
insert into client_entity(id,address_id,is_active,created_at,updated_at,email,password,username)values(1,1,true,now(),now(),'thomas@hotmail.com','$2a$10$VCtb0afUP.nWv2YOGjJ0Sedci7HKV/trVZDDIGXNUFa33/UyhKILa','thomas');
insert into role_entity (id,name) values(1,'ROLE_ADMIN');
insert into client_role_entity (role_id,client_id) values(1,1);

--changeset tpe:3
insert into client_entity(id,address_id,is_active,created_at,updated_at,email,password,username)values(2,2,true,now(),now(),'james@hotmail.com','$2a$10$VCtb0afUP.nWv2YOGjJ0Sedci7HKV/trVZDDIGXNUFa33/UyhKILa','james');
insert into role_entity (id,name) values(2,'ROLE_USER');
insert into client_role_entity (role_id,client_id) values(2,2);

--changeset tpe:4
insert into comment_entity (id,header,body,created_at,updated_at,client_id) values(1,'Congratulation','Hello there',now(),now(),1);
insert into comment_entity (id,header,body,created_at,updated_at,client_id) values(2,'Bad Luck','Good by',now(),now(),1);

--changeset tpe:5
insert into order_entity (id,client_id,create_at,is_done) values (1,1,now(),true);
insert into order_entity (id,client_id,create_at,is_done) values (2,2,now(),true);
insert into order_entity (id,client_id,create_at,is_done) values (3,1,now(),false);

--changeset tpe:6
insert into order_product_entity (id,order_id,product_id,quantity_product)values(1,1,1,3);
insert into order_product_entity (id,order_id,product_id,quantity_product) values(2,1,3,2);
insert into order_product_entity (id,order_id,product_id,quantity_product) values(3,2,1,1);
insert into order_product_entity (id,order_id,product_id,quantity_product) values(4,3,1,1);
insert into order_product_entity (id,order_id,product_id,quantity_product) values(5,3,2,1);

--changeset tpe:7
insert into image_entity (id,product_id,path) values(1,1,'bonnet_rouge_2.jpg');
insert into image_entity (id,product_id,path) values(2,1,'bonnet_rouge_3.jpg');
insert into image_entity (id,product_id,path) values(3,1,'bonnet_rouge_4.jpg');
insert into image_entity (id,product_id,path) values(4,2,'bonnet_orange_2.jpg');
insert into image_entity (id,product_id,path) values(5,2,'bonnet_orange_3.jpg');
insert into image_entity (id,product_id,path) values(6,3,'bonnet_mauve_2.jpg');
insert into image_entity (id,product_id,path) values(7,3,'bonnet_mauve_3.jpg');
insert into image_entity (id,product_id,path) values(8,4,'gant_noir_2.png');
insert into image_entity (id,product_id,path) values(9,5,'echarpe_rouge_2.png');
